geoid,walkability_score,walkability_category,employment_entropy,intersection_density,transit_distance_km
17031010100,13.381836945304437,Above Average Walkable,0.2951262584041185,193.12692853242032,0.3111375740822645
17031010201,15.265047118435387,Highly Walkable,0.2120618380526281,233.56124214363672,0.2725508381872425
17031010202,15.784712482468443,Highly Walkable,0.46240159206540454,198.85224741597528,0.19797633239831697
17031010300,14.443684210526316,Above Average Walkable,0.4263269878571801,173.86162656615792,0.19608614436090224
17031010400,14.582346852965912,Above Average Walkable,0.35629093344643875,374.7925767598957,0.1700609470211527
17031010501,13.697451973314042,Above Average Walkable,0.14899921022178833,108.49483850253971,0.11065276826621656
17031010502,14.570663811563168,Above Average Walkable,0.270562438270623,215.1231405663925,0.1719304710920771
17031010503,15.611208406304728,Highly Walkable,0.401787362904458,223.58203352329943,0.2224811908931699
17031010600,14.239382341997556,Above Average Walkable,0.3187357176403268,186.80502616738409,0.30542021208738634
17031010701,12.85811648079306,Above Average Walkable,0.1853718848927309,169.23693493453598,0.2933346282527881
17031010702,14.977891156462587,Above Average Walkable,0.3877777814109952,179.37851383171363,0.17729620290423864
17031020100,14.361009732360097,Above Average Walkable,0.2774156744139097,138.37516604905525,0.3135403727841502
17031020200,16.145892071029333,Highly Walkable,0.48969251122870716,271.6646143233718,0.3074018073898205
17031020301,14.591800682261209,Above Average Walkable,0.5095622720549255,142.83968422555293,0.2783437792397661
17031020302,15.308807030665669,Highly Walkable,0.4798432013291974,314.3046153508511,0.09331366679132386
17031020400,13.540761724897703,Above Average Walkable,0.17261484855145648,114.39363003884468,0.2490017398489141
17031020500,14.284933171324424,Above Average Walkable,0.35001093529785393,252.8968324524801,0.32732794805589305
17031020601,14.994699070298482,Above Average Walkable,0.2736009503459578,122.25073784294358,0.19986605773935737
17031020602,13.131073088297423,Above Average Walkable,0.5260442999703129,77.4605764269314,0.24516102872834813
17031020701,16.328184591914567,Highly Walkable,0.5419135556187865,287.33257178418563,0.22649811212814647
17031020702,14.52447658761185,Above Average Walkable,0.44126663769773733,121.07337451963205,0.2496089066979411
17031020801,14.287467277486911,Above Average Walkable,0.49645192568086116,66.51020300074282,0.21528045484293196
17031020802,14.141683433936954,Above Average Walkable,0.42654980241458157,122.82304324197808,0.24111779175050305
17031020901,13.626550452564532,Above Average Walkable,0.3168823234970929,130.21220948732332,0.3132017029835736
17031020902,14.521438746438749,Above Average Walkable,0.46542768031134213,432.65857375171197,0.33161411752136744
17031030101,11.978857041755132,Above Average Walkable,0.32842996241110906,71.39774715086527,0.21207906581740976
17031030102,11.570723887039094,Above Average Walkable,0.39566348738449997,40.30923402487803,0.2377894968553459
17031030103,12.085923623445826,Above Average Walkable,0.46677238601497756,110.9135667270521,0.1857253507992895
17031030104,9.823339871112356,Below Average Walkable,0.22471852260706268,0,0.15580982067806107
17031030200,16.09695689444036,Highly Walkable,0.4553623297077024,193.40125606123718,0.2809583743570904
17031030300,14.7963818321786,Above Average Walkable,0.2528575722811612,172.8593078113122,0.2764256697459584
17031030400,16.281306480764265,Highly Walkable,0.44444385394686864,204.97533049167592,0.24973999612703332
17031030500,15.38544907695499,Highly Walkable,0.35101051906860664,295.7772298973355,0.17787438550093337
17031030601,11.896359959555106,Above Average Walkable,0.23985381417458462,235.58586725650986,0.21410617290192113
17031030603,10.933938588721581,Above Average Walkable,0.27743354055548536,26.104909342921086,0.28448655447298493
17031030604,10.732157097288678,Above Average Walkable,0.15191721570782626,151.7996171659378,0.21069702751196176
17031030701,12.666666666666666,Above Average Walkable,0.5702217111485373,37.06523535862682,0.28566
17031030702,10.54203670811131,Above Average Walkable,0.22981890319870696,64.81380708797211,0.0655550488454707
17031030703,14.098831213475421,Above Average Walkable,0.36611947732935807,111.36386548255395,0.1736765520797525
17031030706,13.845514571949,Above Average Walkable,0.36536127962343273,114.8644067598278,0.07216362704918032
17031030800,14.910291438979964,Above Average Walkable,0.5608668976682354,102.01417082881106,0.3217865050091075
17031030900,16.907328759664598,Highly Walkable,0.5685971870553769,248.74626192533003,0.23340740280953934
17031031000,15.139969022580907,Above Average Walkable,0.5649088715263019,179.07697398723116,0.32452484715089264
17031031100,15.39467615470778,Highly Walkable,0.5465785508094169,173.95582405770077,0.30820415892468866
17031031200,14.930745045196788,Above Average Walkable,0.542102939202199,99.05595942758572,0.19997483240693956
17031031300,14.114347711730668,Above Average Walkable,0.45378129892723285,159.47460548958685,0.1563876236191478
17031031400,14.295246926299882,Above Average Walkable,0.32002211036773703,163.06109268838804,0.18781255924170617
17031031501,12.734103626189956,Above Average Walkable,0.28627980561559,135.87053085262187,0.2401009003706126
17031031502,12.67963878735756,Above Average Walkable,0.2602985704448701,127.99097256530541,0.154799591485702
17031031700,14.651920490210731,Above Average Walkable,0.2764188786848319,166.92976337759976,0.289193832013152
17031031800,17,Highly Walkable,0.6669872482048926,106.50959163722096,0.23872
17031031900,14.266237983891921,Above Average Walkable,0.5159794863460629,86.67569083145891,0.2573653507404521
17031032100,14.435595534103653,Above Average Walkable,0.3530389485033756,121.99900279449163,0.11314660523621471
17031040100,16.34355933659878,Highly Walkable,0.48422703930827055,348.4816219975692,0.2864240190770817
17031040201,15.025637304696946,Above Average Walkable,0.42166347192550796,179.8785672273281,0.25906462632419097
17031040202,15.239642119752235,Above Average Walkable,0.2942209202295255,187.70214692823225,0.23497029593943564
17031040300,14.813447293447291,Above Average Walkable,0.3648061385777495,219.0770391024084,0.30849556581196586
17031040401,15.252813464794343,Above Average Walkable,0.32464909799012637,223.84470786553783,0.24299230355542276
17031040402,14.982223065730375,Above Average Walkable,0.39458363520650824,200.5123219002331,0.15944650787625733
17031040600,16.89777247414479,Highly Walkable,0.6218955886777078,236.10274838314666,0.3048035719968178
17031040700,14.424321705426356,Above Average Walkable,0.4651989468179729,136.3204862642834,0.2395989011627907
17031040800,15.921906324038636,Highly Walkable,0.6515454110275971,228.06143987203646,0.20913068343357022
17031040900,15.764748461816865,Highly Walkable,0.5252134355012557,324.91755261895844,0.3341867318132465
17031050100,18.119675332601,Most Walkable,0.7264193553000571,168.64363586310088,0.24029365800073232
17031050200,17.52138955379611,Highly Walkable,0.6333460905371584,239.86172966929664,0.2425064849935555
17031050300,15.421226588321703,Highly Walkable,0.5720916946132693,144.93679543864394,0.31135006243114216
17031050500,15.685313341022685,Highly Walkable,0.42199214642186417,193.8798666145102,0.27207691711978915
17031050600,16.36709539121114,Highly Walkable,0.5895236780916119,213.884433154669,0.2312242122186495
17031050700,15.666666666666664,Highly Walkable,0.41937604901998343,215.44562938632123,0.21055999999999997
17031050800,16,Highly Walkable,0.5238278861651413,148.49749757706041,0.20787
17031050900,15.833333333333334,Highly Walkable,0.3634501756545917,159.18386475515382,0.20920999999999998
17031051000,17.833333333333332,Highly Walkable,0.49196643181025457,228.03321671163215,0.22128
17031051100,17.666666666666664,Highly Walkable,0.6001938967997408,212.3269152168473,0.21056
17031051200,16.501672940192393,Highly Walkable,0.4870669764155175,319.8022367103825,0.22386740276035133
17031051300,16.122434536447276,Highly Walkable,0.4597130089763217,224.84902253788098,0.22369109695682945
17031051400,15.725686711210098,Highly Walkable,0.49164678436898424,274.8290928684034,0.2217519153674833
17031060100,15.30861383824217,Highly Walkable,0.45771393713478714,160.07513206183765,0.2477742741935484
17031060200,14.772590361445783,Above Average Walkable,0.5089641034099558,94.86591237946661,0.2600344922547332
17031060300,17.02115743621655,Highly Walkable,0.497587472899999,216.4134548003277,0.21716911014312384
17031060400,16.480021169621594,Highly Walkable,0.5299794866133435,244.14240043591826,0.25048295051600955
17031060500,16.5,Highly Walkable,0.4751485748045787,192.95193995746584,0.14216
17031060800,13.631537242472266,Above Average Walkable,0.21894204124920288,167.97228549785368,0.21780153724247225
17031060900,12.329327148345984,Above Average Walkable,0.2596647835054141,76.96561602281537,0.11575353949957831
17031061000,15.666666666666666,Highly Walkable,0.594000288278601,149.91878770622012,0.24677000000000002
17031061100,15.5,Highly Walkable,0.5257723796621889,299.46959383837606,0.14618
17031061200,15.833333333333332,Highly Walkable,0.5525246043249393,148.3118180164541,0.22128
17031061500,16.833333333333332,Highly Walkable,0.6767031113902495,127.2184308198473,0.22397
17031061800,15,Above Average Walkable,0.5136396248766304,73.03657047027937,0.10058000000000002
17031061901,13.324854045037531,Above Average Walkable,0.34704178536287267,89.81554402674264,0.2738363302752294
17031061902,11.230532273085464,Above Average Walkable,0.21486713363028434,172.7052750555275,0.1293306855791962
17031062000,14.333948339483396,Above Average Walkable,0.4928092447640308,128.74944656278848,0.3160474907749078
17031062100,15.450866030399434,Highly Walkable,0.6394807612390234,145.4462863162839,0.2280248144220573
17031062200,14.945323035429693,Above Average Walkable,0.47215380191835865,216.9020312764672,0.40301309672673774
17031062300,17,Highly Walkable,0.6492113338217876,148.04921628366628,0.34199
17031062400,18,Highly Walkable,0.6659164279945279,291.48651186383444,0.24408000000000002
17031062500,19.666666666666668,Most Walkable,0.8870455715988084,332.56517137775734,0.20251
17031062600,18.5,Most Walkable,0.7629986877295746,245.98512593885718,0.28164
17031062700,17.910976314269206,Highly Walkable,0.7575709630270904,201.3136860542176,0.28684505719237435
17031062800,16.021057471264367,Highly Walkable,0.5566182908534753,184.07864043090558,0.3117192468965517
17031062900,16.260345730749084,Highly Walkable,0.45865275776289505,266.78870223320257,0.34253984284965944
17031063000,15.542923433874709,Highly Walkable,0.5099282753238009,156.62247611856688,0.19695870939675175
17031063100,17.28852813852814,Highly Walkable,0.7297317896848151,237.40545314013156,0.2306412034632035
17031063200,13.42706974046687,Above Average Walkable,0.38328844898291703,166.91702176640223,0.16507394809337392
17031063301,12.675939306358382,Above Average Walkable,0.3553607119640125,122.20713743607182,0.19231200867052023
17031063302,9.88896235563784,Below Average Walkable,0.23045671854414201,44.78797373007864,0.19025282200476065
17031063303,16.256473153447807,Highly Walkable,0.4095095729497975,522.9408911045049,0.12384887162714635
17031063400,16.04817371297095,Highly Walkable,0.6333932357785481,116.04383044686178,0.151102329594478
17031070101,12.538593776860925,Above Average Walkable,0.39837504588159717,234.6372148787684,0.2802195667870036
17031070102,15.901198630136987,Highly Walkable,0.5522917103528979,193.57779726962264,0.2398334520547945
17031070103,15.773904996915483,Highly Walkable,0.4104174059519984,212.19814868623092,0.20574958667489204
17031070200,15.535917191999376,Highly Walkable,0.6515455564352106,182.28318650499918,0.29564598645809015
17031070300,17.556317016317013,Highly Walkable,0.6567834457759317,180.57121116919913,0.22492265734265735
17031070400,15.950211100813508,Highly Walkable,0.6097236876775535,291.38655489880404,0.31914651838121716
17031070500,15.380200721036731,Highly Walkable,0.5093319890247433,230.24159336125368,0.28435215434083605
17031070600,15.214665847917308,Above Average Walkable,0.3910426933357015,278.523838345104,0.3315458090267117
17031070700,17.09129213483146,Highly Walkable,0.6696144383474628,213.06128005968924,0.3008398946629214
17031071000,16,Highly Walkable,0.5437888396720161,351.78901281554454,0.17454932667245873
17031071100,16.976624737945492,Highly Walkable,0.747253271244299,331.83262521102097,0.17757827044025154
17031071200,17.156455862977605,Highly Walkable,0.6145465689137471,280.5211981554591,0.17785343873517787
17031071300,16.050058597019923,Highly Walkable,0.4336763734258124,205.1494999238535,0.1928961476644902
17031071400,16.46122233930453,Highly Walkable,0.5799731613111583,500.38587971836154,0.11061937618545836
17031071500,15.98884308876065,Highly Walkable,0.4713359450275766,366.5543206291284,0.18851473206924982
17031071600,17,Highly Walkable,0.43823304308896477,367.46692791534764,0.19713999999999998
17031071700,15.009639483323694,Above Average Walkable,0.46099323548181514,268.086313850668,0.41614542510121455
17031071800,16.135716891645387,Highly Walkable,0.42424114733542195,231.2661717199657,0.27443044874133526
17031080100,12.714814814814815,Above Average Walkable,0.37449233101070883,142.02558460428486,0.16984995584988963
17031080201,15.093813010718456,Above Average Walkable,0.37268841676302605,379.63661033513847,0.14348630372492835
17031080202,16.849182313749242,Highly Walkable,0.6055512106821829,471.87637488180377,0.13772412477286494
17031080300,16.49762403913347,Highly Walkable,0.6359067665627383,140.1759508464979,0.21286620545073376
17031080400,13.397955898921616,Above Average Walkable,0.35366255300647725,95.03858262962041,0.3856668686624819
17031081000,16.192028498454093,Highly Walkable,0.5256763087547346,264.86022876248785,0.1021092028498454
17031081100,16.53592375366569,Highly Walkable,0.5518004624233537,354.46380964925766,0.15437668621700879
17031081201,16.181185185185186,Highly Walkable,0.8205548774863479,151.56475980817396,0.2517154133333333
17031081202,13.059019541398396,Above Average Walkable,0.6149516207965459,107.73385917515522,0.23185891901050493
17031081300,14.65923207227555,Above Average Walkable,0.48860730842831773,260.8311517161616,0.14652634669678147
17031081401,14.018075718758894,Above Average Walkable,0.48173686124231024,89.02489090219815,0.21769598633646456
17031081402,16.665226917057904,Highly Walkable,0.6381564200894952,299.5872266506431,0.15444912676056338
17031081403,17.607796834866182,Highly Walkable,0.826359639039049,380.51552324954247,0.15278723340790454
17031081500,16.980079970919668,Highly Walkable,0.7617182921789036,344.1485575205227,0.1820784667393675
17031081600,16.181083333333337,Highly Walkable,0.7407273423394043,172.61137166592596,0.12477387999999999
17031081700,18.261071956843296,Most Walkable,0.7645940293915248,209.55684463824625,0.08194645001305143
17031081800,18.550609940518196,Most Walkable,0.7994942465975351,364.9928298830357,0.2130414467184192
17031081900,13.333333333333332,Above Average Walkable,0.41573200863886367,314.50958270942675,0.93208
17031090100,15.217265298365643,Above Average Walkable,0.4117851511354315,192.2279626368616,0.39124755701254277
17031090200,16.312347665009263,Highly Walkable,0.43310037326264345,206.30929962346633,0.26300557034220534
17031090300,16.5,Highly Walkable,0.6699777080465154,226.8619949450112,0.3165
17031100100,16.044999700401466,Highly Walkable,0.48146357543532803,247.95240752812305,0.17019861944993708
17031100200,14.654394644935971,Above Average Walkable,0.4515497010520434,160.83584941621166,0.3207433905704307
17031100300,13.613562883931458,Above Average Walkable,0.39377942682956085,179.04916676492854,0.45208854186873587
17031100400,13.827090764962348,Above Average Walkable,0.18284779717327118,174.41953898879595,0.28240612663495834
17031100500,14.290642556179776,Above Average Walkable,0.5380599571820658,202.26239868415544,0.6626538799157304
17031100600,16.30904155356024,Highly Walkable,0.483996095393063,248.6717674396268,0.22274298600960532
17031100700,13.842092198581561,Above Average Walkable,0.24391369038412503,180.78985799210716,0.41093863617021276
17031110100,15.901621017328116,Highly Walkable,0.44097630063823473,194.87631183781704,0.3240045612073784
17031110200,17.789736867657055,Highly Walkable,0.7232745454341549,256.4743834430759,0.24700891348674625
17031110300,15.05521561771562,Above Average Walkable,0.2724093122230584,225.71299210513212,0.3144139073426573
17031110400,15.806880083575855,Highly Walkable,0.4470004344371782,166.37341040266966,0.25758673606447285
17031110501,15.147186147186146,Above Average Walkable,0.4235460004836203,200.67809407530027,0.2689837513914657
17031110502,17.688722775932078,Highly Walkable,0.6291638605337677,234.9848424056442,0.32512295681063125
17031120100,14.968348772956283,Above Average Walkable,0.5164574369566649,163.16472136987906,0.28331626523647
17031120200,16.808395061728397,Highly Walkable,0.6560528048956582,163.31926405501136,0.29814674708994704
17031120300,14.493196234908941,Above Average Walkable,0.4391878483064668,166.45168000646018,0.4598093078575813
17031120400,15.639237129901307,Highly Walkable,0.3766665081028172,178.41231919162954,0.2941804827954121
17031130100,15.30668196888549,Highly Walkable,0.5692099593535073,220.41583958523566,0.5678950726855394
17031130200,15,Above Average Walkable,0.7643508243333216,111.08013329127085,0.47342
17031130300,15.078590538732822,Above Average Walkable,0.36200462257005145,153.77945821632133,0.1857091809558555
17031140100,13.4082317361308,Above Average Walkable,0.34370624885889084,137.1075366587242,0.2314785483413666
17031140200,15.100871053040908,Above Average Walkable,0.554166416318518,168.14490790568883,0.21786088971846324
17031140301,15.853333333333335,Highly Walkable,0.3850719207184421,118.39518996567485,0.11987813333333332
17031140302,13.410588805427672,Above Average Walkable,0.31241268529173893,171.17138882564223,0.35831015507632663
17031140400,13.762130538457274,Above Average Walkable,0.49660776722407596,110.20229492126239,0.4219044302112793
17031140500,16.27775171982489,Highly Walkable,0.5344457326882691,272.6493829494072,0.3120982692307692
17031140601,14.5,Above Average Walkable,0.412304131334287,79.33185009760918,0.19312000000000001
17031140602,13.070613853172958,Above Average Walkable,0.2659568067520864,131.5791095709384,0.38181959767731233
17031140701,16.166666666666664,Highly Walkable,0.45136512360722403,144.64921009456137,0.17593515410958904
17031140702,14.221383749864762,Above Average Walkable,0.2886340320243506,221.22292171163136,0.24414752515417074
17031140800,15.615897118066316,Highly Walkable,0.402888566096876,256.80905847667054,0.3342156213201115
17031150200,15.851856632675013,Highly Walkable,0.5202982074323756,174.37877466229733,0.23200238543952498
17031150300,15.462187725325528,Highly Walkable,0.46525319596032555,213.44989487471923,0.22876417992110956
17031150401,16.13335246110686,Highly Walkable,0.3789680030837872,186.1177844797842,0.18607205623565418
17031150402,16.371121607854032,Highly Walkable,0.5156959879577883,182.65351662006316,0.2747022061683801
17031150501,12.953247409653779,Above Average Walkable,0.31236595858887584,173.83382996347277,0.3630772226434167
17031150502,15.28905893101873,Highly Walkable,0.35012456828097116,143.90350514098407,0.24634854956601185
17031150600,13.775553462081959,Above Average Walkable,0.3791680695527872,84.90287221053698,0.2193772303344324
17031150700,15.280716384719245,Highly Walkable,0.35438922046167154,211.00407016858995,0.20366612103883724
17031150800,13.468190054358768,Above Average Walkable,0.3403212228877502,100.15269253243845,0.22550548620897926
17031151001,11.411938098747237,Above Average Walkable,0.23176711742250597,122.74655987790094,0.43230781134856294
17031151002,14.282914046121594,Above Average Walkable,0.5651507766834337,113.91896852181448,0.2942007379454927
17031151100,15.761064162754302,Highly Walkable,0.3760384001515809,178.63752033812392,0.21350588544600935
17031151200,14.85391479562464,Above Average Walkable,0.5075525170533693,139.19110509656753,0.26103721358664367
17031160100,15.05736644677273,Above Average Walkable,0.4754472203156481,131.6212521082032,0.4135809856422196
17031160200,13.495225405285364,Above Average Walkable,0.6762617297742605,106.26332399512629,0.5997487674883412
17031160300,13.671625929861849,Above Average Walkable,0.3378260730414362,89.36701906300168,0.3434104144527099
17031160400,14.028943817032461,Above Average Walkable,0.49939130798555276,141.67268304900986,0.4023504773066269
17031160501,13.23875968992248,Above Average Walkable,0.26675480191677253,111.19863415340308,0.24835034625322996
17031160502,15.056275339326636,Above Average Walkable,0.3193908214392524,189.83584144188745,0.25989011634056053
17031160601,16.016104656654385,Highly Walkable,0.5123277831296327,242.99345962147706,0.264566834797393
17031160602,13.880829484741463,Above Average Walkable,0.3413250740666342,101.47404699507095,0.25134685411572943
17031160700,15.257955096107253,Above Average Walkable,0.3569271195911016,240.58772325590235,0.2632777515748667
17031160800,15.700448156447342,Highly Walkable,0.45064132508152976,160.131352493035,0.20551826033815446
17031160900,15.994791666666666,Highly Walkable,0.5757816767780506,218.78157272565682,0.33335281250000004
17031161000,16.446304044630406,Highly Walkable,0.6039668123882647,147.86844202139844,0.2644032217573222
17031161100,15.723119595366292,Highly Walkable,0.5808849484164775,173.4248237645452,0.2474518306412139
17031161200,15.693096008629992,Highly Walkable,0.6018546124525013,203.44489027511204,0.3493685372168285
17031161300,16.711065748064986,Highly Walkable,0.5441253150748201,183.75053412034458,0.1576407578463894
17031170100,17,Highly Walkable,0.7266230974274855,142.15016201171733,0.47476
17031170200,14.213630459490178,Above Average Walkable,0.338107639082075,156.36689140037856,0.2180049074525085
17031170300,13.63202492211838,Above Average Walkable,0.39225342171106087,134.47764138675913,0.42894352897196264
17031170400,14.744930761622156,Above Average Walkable,0.33220300748526044,150.22463583752202,0.228073128090999
17031170500,13.242952500148995,Above Average Walkable,0.2593803567044926,131.50098335787575,0.36925393885213664
17031170600,13.276269584008645,Above Average Walkable,0.31362848133497945,206.0308849377081,0.4217653403565641
17031170700,13.592540132200188,Above Average Walkable,0.27302529512162815,113.41279190812415,0.34339682719546744
17031170800,14.707368504814195,Above Average Walkable,0.3997707266848084,133.29671130784627,0.377117025543089
17031170900,16.333333333333332,Highly Walkable,0.2904744310055275,180.4677951400326,0.21458000000000002
17031171000,14.999795305676855,Above Average Walkable,0.4326385204072073,162.93501200074664,0.2721086381004367
17031171100,14.428013538141109,Above Average Walkable,0.30694456577556856,139.2177847512972,0.22954811767768812
17031180100,14.96619496855346,Above Average Walkable,0.40439997400084715,156.96034286497428,0.24712127672955975
17031190100,12,Above Average Walkable,0.436833558201381,90.142148025103907,0.2642
17031190200,13.819849454717877,Above Average Walkable,0.37810780720299164,103.90553285742384,0.2597293172119488
17031190300,14.694911171333935,Above Average Walkable,0.38250545852055495,125.9083974623555,0.26872366757000904
17031190401,16.210151840368866,Highly Walkable,0.335221393657106,184.21231535239255,0.239398962556642
17031190402,15.192001675041876,Above Average Walkable,0.36085020079577657,131.56787595245282,0.25878902010050253
17031190601,14.545416261742796,Above Average Walkable,0.175950360524705,222.69782289936327,0.21240634207968898
17031190602,14.101848549690919,Above Average Walkable,0.4218258234599184,116.95321423156871,0.23467941868758913
17031190701,12.528043775649795,Above Average Walkable,0.3642744589686769,51.772697631816115,0.20251
17031190702,14.780141843971633,Above Average Walkable,0.329206378440277,173.81239193898818,0.2223428444536253
17031190800,14.158603615880802,Above Average Walkable,0.3153589538998761,136.651239061412,0.28161837149086943
17031190900,14.5,Above Average Walkable,0.47462556633007374,126.2683436369789,0.32992
17031191000,16.508298755186722,Highly Walkable,0.6853460839145091,161.46476170478783,0.22651435684647306
17031191100,14.800565802370132,Above Average Walkable,0.47100121810895135,143.89380178748735,0.24337597300187117
17031191200,15.815624470428743,Highly Walkable,0.3848893584823981,167.12849622988708,0.2792598551093035
17031191301,14.451631907623423,Above Average Walkable,0.436773057680684,131.9258701926541,0.21271580770590315
17031191302,15.446746671666979,Highly Walkable,0.5445227781430664,139.75636302391666,0.22391447777986126
17031200100,14.18265568252281,Above Average Walkable,0.3417604854651837,204.81097085648744,0.4184944007440872
17031200200,13.872395833333334,Above Average Walkable,0.5126369690575906,166.19315073201057,0.2526559479166667
17031200300,14.256880733944953,Above Average Walkable,0.4107364799354299,110.82758008679384,0.19871144750254843
17031200401,13.050676276917601,Above Average Walkable,0.5895385268494225,126.53534121880668,0.45505904698344896
17031200402,13.31392694063927,Above Average Walkable,0.34414269159514876,131.3737486193171,0.32243638812785386
17031210100,17.20367354325009,Highly Walkable,0.6745167059040399,249.6633918915549,0.20217666666666667
17031210400,14.172863322810711,Above Average Walkable,0.44616192325172044,103.89351883281964,0.3060536338126973
17031210501,17.213107241063245,Highly Walkable,0.6364803445785903,199.87967188521057,0.31802834097158567
17031210502,15.178370686588401,Above Average Walkable,0.2950189150295862,201.1529034832575,0.262996401280683
17031210601,14.224314861765063,Above Average Walkable,0.28341797655789636,145.1847254674128,0.27120331039478446
17031210602,14.511349206349205,Above Average Walkable,0.35812375944939867,158.65383109311335,0.1869863095238095
17031210700,14.046448087431694,Above Average Walkable,0.43867451553682135,150.34986938480014,0.3593683196721311
17031210800,18,Highly Walkable,0.7196864498653738,190.80773540925966,0.2186
17031210900,16.132471728594506,Highly Walkable,0.5455002032391165,143.1403053958716,0.21672344103392568
17031220300,14.666666666666666,Above Average Walkable,0.2510216042846013,158.68506282716103,0.2705713039527488
17031220400,15.974460839954597,Highly Walkable,0.4752905444721215,196.5556695688046,0.23960811577752555
17031220500,16.13348676639816,Highly Walkable,0.6049583142989466,230.75867495603592,0.33028764096662827
17031220601,15.041501228965776,Above Average Walkable,0.4646815871337463,188.04021385359786,0.27320840612592173
17031220602,16.164162383023594,Highly Walkable,0.3818094203388767,222.99759286088985,0.132005405298537
17031220701,13.067440660474716,Above Average Walkable,0.46504785944496196,88.77067452174616,0.27532235294117646
17031220702,14.764605711291589,Above Average Walkable,0.4293214732368698,209.38412648517766,0.2958432512444328
17031220901,13.518548649528148,Above Average Walkable,0.20579299727814934,214.7330850129065,0.35470857468272043
17031220902,14.939984056485594,Above Average Walkable,0.49956367251282263,235.81340349310622,0.3132888828151691
17031221000,13.5788272049988,Above Average Walkable,0.32544294389289213,143.7058110844559,0.2574380389329488
17031221100,14.784328788169772,Above Average Walkable,0.2545752713960801,238.45313684171512,0.16784015363933166
17031221200,17.000057136327275,Highly Walkable,0.5053302078035034,278.03275356395295,0.2198228213918409
17031221300,17.28230337078652,Highly Walkable,0.6462663604110219,221.40645458189752,0.2296060674157303
17031221400,17.2122714254241,Highly Walkable,0.6436748915431351,222.08726548186976,0.3202843754130866
17031221500,16.39900779588944,Highly Walkable,0.4995630244375865,194.5452062071061,0.30448152374202697
17031221600,15.057557397959183,Above Average Walkable,0.35125838133047865,489.6507593944734,0.3334520950255102
17031222200,17.336477987421382,Highly Walkable,0.5387761672713482,280.76096496380615,0.09661849056603773
17031222500,15.833333333333332,Highly Walkable,0.35059041663741664,130.88104007574037,0.20787
17031222600,16,Highly Walkable,0.28804080373552343,344.13190166651447,0.26152
17031222700,14.492147305713514,Above Average Walkable,0.3635047964255526,140.15124613513302,0.10999980503655565
17031222800,13.833333333333334,Above Average Walkable,0.38505036118899966,155.07619478386258,0.27895
17031222900,16.333333333333336,Highly Walkable,0.6390934394272447,150.2647319788398,0.27091000000000004
17031230100,14.333333333333332,Above Average Walkable,0.15397217876432645,155.7701415291981,0.22799
17031230200,16.333333333333332,Highly Walkable,0.482161114967427,104.78244150299369,0.20251
17031230300,11.833333333333332,Above Average Walkable,0.19491382822547407,89.21961726976373,0.27626999999999996
17031230400,14.733923727461304,Above Average Walkable,0.38481278704554345,151.1510080971831,0.2509494973671613
17031230500,14.518438903219641,Above Average Walkable,0.5230220272295171,76.43843219581456,0.2595917368873603
17031230600,14.518257337167373,Above Average Walkable,0.5260780722773621,172.2538136580282,0.23097152813912092
17031230700,15.144233485901564,Above Average Walkable,0.3955852946854764,180.33937832341672,0.23015932700457709
17031230800,13.166666666666666,Above Average Walkable,0.5634578720972381,97.17592890611131,0.3782
17031230900,12.369754951325948,Above Average Walkable,0.2807258203209267,87.11749676222564,0.21001310574018128
17031231100,13,Above Average Walkable,0.46673251362855156,141.98320924008894,0.35406
17031231200,14.062837904256364,Above Average Walkable,0.31995378297495697,146.94152570108974,0.25879767030374523
17031231500,15.014957264957266,Above Average Walkable,0.6406039587213685,146.90939796706064,0.3040915176715177
17031240200,16.666666666666668,Highly Walkable,0.3622957378175324,540.7517921243195,0.27761
17031240300,17.833333333333332,Highly Walkable,0.7735420469376771,498.4370687419882,0.21993999999999997
17031240500,17.333333333333332,Highly Walkable,0.6577728928576331,225.33734033597608,0.29505000000000003
17031240600,15.333333333333334,Highly Walkable,0.45058792421957033,135.76669435594388,0.23201
17031240700,13.666666666666666,Above Average Walkable,0.5014155199379485,119.74927291041209,0.2642
17031240800,14.593666666666667,Above Average Walkable,0.37005701615258135,206.51757886272412,0.22956218
17031240900,15,Above Average Walkable,0.38436355519388044,602.148894282136,0.16496
17031241000,13.769720101781171,Above Average Walkable,0.46101599650854436,147.2613336363909,0.3015450190839695
17031241100,13.383342045652554,Above Average Walkable,0.24694744167105026,78.55934155504748,0.22341636173549398
17031241200,17.01437581153775,Highly Walkable,0.6008188997126981,260.4270904406482,0.26095679465776295
17031241300,15.833333333333332,Highly Walkable,0.5245958556413135,136.8523158879277,0.44123
17031241400,16.49279796048439,Highly Walkable,0.6241973876292397,245.51756464719352,0.19653354684512428
17031241500,16.784357224118317,Highly Walkable,0.5476360749312768,278.04517324539063,0.18709180204778156
17031241600,16.231288740864095,Highly Walkable,0.43210647552681397,240.4252006763787,0.3330592839300583
17031242000,15.347068899885802,Highly Walkable,0.5715752047334212,190.72891946326268,0.21816399505138942
17031242100,16.65948942753997,Highly Walkable,0.47039479425227365,288.852053082471,0.2742036384734399
17031242200,16.25037346877801,Highly Walkable,0.5278729285652869,182.28430235258426,0.22262860770839557
17031242300,13.741681790683606,Above Average Walkable,0.46683620333059894,55.937287081874615,0.2059828130671506
17031242400,15.638422296876948,Highly Walkable,0.5074809189397593,299.35325733958416,0.23625391190742814
17031242500,13.797278082470038,Above Average Walkable,0.46120276319603826,65.97953280917437,0.25967210237659966
17031242600,13.762227630968937,Above Average Walkable,0.3956675001440837,84.73356371751257,0.23359194193324062
17031242700,15.833333333333332,Highly Walkable,0.341126979155632,162.33140739045487,0.24006
17031242800,16.333333333333332,Highly Walkable,0.7087964585015436,161.09495998037346,0.32857
17031242900,17.134199134199132,Highly Walkable,0.5492469333639107,292.8515436172243,0.17162558441558443
17031243000,16.106860158311346,Highly Walkable,0.7743243540263599,124.49633208244904,0.3371008443271768
17031243100,16.590019569471625,Highly Walkable,0.6475984254574325,119.42728207130351,0.14826141878669272
17031243200,16.98428528256271,Highly Walkable,0.6577189022589205,235.49635064826265,0.19052344514959202
17031243300,12.369824561403508,Above Average Walkable,0.3438505855040499,92.39305972370664,0.2613350652631579
17031243400,16.787259907610018,Highly Walkable,0.5708780178236851,278.63879951108646,0.2197384573304158
17031243500,17.628673735119047,Highly Walkable,0.6921021679605622,205.39188497285835,0.15517031808035714
17031250200,13.815750915750916,Above Average Walkable,0.40165155200456876,135.87866100796467,0.2940577582417582
17031250300,13.357756936303243,Above Average Walkable,0.30777854305236063,170.28358947344492,0.35214783313794445
17031250400,14.010007388004569,Above Average Walkable,0.41343101570071816,138.82016871968858,0.21625028410235742
17031250500,15.231392020039362,Above Average Walkable,0.505804433037688,155.80226340113327,0.40714913446054757
17031250600,13.230299352750809,Above Average Walkable,0.30955658581505524,131.62073949262992,0.27175969902912617
17031250700,10.64402643933778,Above Average Walkable,0.12147453377424976,63.88028013476993,0.24718330800593027
17031250800,15.360939431396787,Highly Walkable,0.45659943339125536,299.9731984894127,0.23803754017305315
17031251000,15.5,Highly Walkable,0.7157361618875558,131.31182636660884,0.12741
17031251100,9.923686594202898,Below Average Walkable,0.1217667338798182,37.210000700901176,0.23276647192028985
17031251200,12.294703216700096,Above Average Walkable,0.45154646993289954,60.92003115879025,0.2441624270113662
17031251300,12.80016098966277,Above Average Walkable,0.25777503034504634,86.883243087049,0.19532194458566346
17031251400,12.238505019826203,Above Average Walkable,0.227557065044825,90.3709886146576,0.22235583396608452
17031251500,11.636015325670497,Above Average Walkable,0.1463935492818451,106.4847380725744,0.2591107327586207
17031251600,11.801810462228632,Above Average Walkable,0.36250713061933926,65.37205306454923,0.25577835135784666
17031251700,15.166666666666666,Above Average Walkable,0.4496555790445195,149.06240933526755,0.096560000000000007
17031251800,13.849349248094947,Above Average Walkable,0.38029997429597895,141.4626000397134,0.2531711936071212
17031251900,13.999290938946112,Above Average Walkable,0.36113311428992145,159.3843264816861,0.27743114196148677
17031252000,13.473242140628749,Above Average Walkable,0.468448492255672,109.45338624481374,0.23256685385169187
17031252101,14.833333333333334,Above Average Walkable,0.3039738452006498,210.2598315710883,0.3393
17031252102,11.319533927347498,Above Average Walkable,0.1780854407756057,63.50651491412363,0.21848480877313228
17031252201,12.992870180241843,Above Average Walkable,0.4503163499124182,82.41197184846266,0.20615100273785078
17031252202,12.943369868901783,Above Average Walkable,0.3247131630297602,119.26655238233978,0.19575237911025145
17031260100,15.166666666666666,Above Average Walkable,0.4946818463343008,214.9622905820344,0.44257
17031260200,16.833333333333336,Highly Walkable,0.8641720664622401,139.35493176652318,0.34601
17031260300,15.5,Highly Walkable,0.46882250203814585,152.1514545165886,0.36478
17031260400,15.16666666666667,Above Average Walkable,0.5084754235053309,202.57939774474005,0.39563
17031260500,15.333333333333336,Highly Walkable,0.4797602774714779,314.67744520616156,0
17031260600,11.871472868217053,Above Average Walkable,0.26629263734904185,80.4125003611823,0.1496064093023256
17031260700,13.767070484581497,Above Average Walkable,0.45377042814689783,88.98492630828882,0.16342302863436126
17031260800,13.945593581546948,Above Average Walkable,0.26121133225700793,153.58298806358098,0.19643207972922153
17031260900,13.190524193548388,Above Average Walkable,0.6147879271475338,106.48096958434766,0.3937378360215054
17031261000,14.557087462300732,Above Average Walkable,0.34298224367020813,276.650399956035,0.11809461439034898
17031270500,15.166666666666668,Above Average Walkable,0.2402485940527757,415.3828873710091,0.14082
17031271200,16.333333333333332,Highly Walkable,0.5226779739560308,191.16232358817382,0.24541999999999997
17031271300,13.333333333333332,Above Average Walkable,0,211.02408126501695,0.12472
17031271400,15.666666666666668,Highly Walkable,0.6027411067280501,176.1974214060681,0.09254000000000001
17031271500,14.5,Above Average Walkable,0.37473411913269444,238.6733156283123,0.20653
17031271800,16.166666666666668,Highly Walkable,0.6461506162055268,163.49824185440175,0.2575
17031280100,18.055529703738173,Highly Walkable,0.6904823135384202,180.65847787820215,0.12144430587870328
17031280400,17.5,Highly Walkable,0.8822023953741944,170.2322197248252,0.41708999999999996
17031280800,14,Above Average Walkable,0.3543121281414132,138.25530328856067,0.12607
17031280900,13.833333333333332,Above Average Walkable,0.21992071176329947,195.75116940656562,0.25213
17031281900,14.547856430707876,Above Average Walkable,0.710030477337749,134.26662202692063,0.24130693253572616
17031282700,15.193063228974829,Above Average Walkable,0.526817976289309,169.9619139372465,0.19317033149171273
17031282800,16.666666666666668,Highly Walkable,0.46034561141779035,173.3586157171172,0.21592
17031283100,14.455941050046055,Above Average Walkable,0.5107636549222966,282.5438558838562,0.23433906048510902
17031283200,17.166666666666668,Highly Walkable,0.3112025082216538,251.9344328087881,0.04157
17031283800,13.260841423948222,Above Average Walkable,0.2779011036373781,137.12016041732534,0.3195192565880721
17031290900,12.707599216942517,Above Average Walkable,0.37995029940281316,121.78551063159284,0.2558528190069407
17031291200,13.678091397849462,Above Average Walkable,0.23840340109872427,156.98717504457218,0.1551216693548387
17031291600,15.666666666666668,Highly Walkable,0.7346473325543786,117.59465073053833,0.12875
17031292200,11.22871226124461,Above Average Walkable,0.10861984101457219,90.74096631227127,0.3409161922365989
17031292400,14.00809502193978,Above Average Walkable,0.625253082090623,118.32152790019592,0.2511618202451203
17031292500,12.862800444786588,Above Average Walkable,0.3257567077062272,117.71351201678141,0.2512284398255068
17031300500,15.14122533748702,Above Average Walkable,0.5554010814562058,136.3810753340674,0.2534357320872274
17031300600,15.193032015065913,Above Average Walkable,0.5544274145795597,116.98660358871105,0.12474790960451977
17031300700,12.69399138600579,Above Average Walkable,0.2765920821108535,78.05219007862753,0.21626484219445036
17031300800,15.07084357084357,Above Average Walkable,0.31291665095382953,133.03418762065127,0.22590825552825555
17031300900,13.365553536271392,Above Average Walkable,0.4594882515570078,120.55780356498512,0.29858347796456153
17031301100,14.488788003851974,Above Average Walkable,0.35397995300482477,267.46754659202355,0.21056742880726373
17031301200,14.666666666666668,Above Average Walkable,0.40743349623862485,314.80601226739896,0.2316157939809151
17031301600,13.407976507546266,Above Average Walkable,0.2710778502035523,81.3378724010669,0.22692947551731202
17031301701,14.049708343900583,Above Average Walkable,0.41763257279623717,70.13132392691566,0.16048886380928226
17031301702,12.551895752602386,Above Average Walkable,0.2225569856314111,100.53071228203257,0.15903188283565078
17031301801,13.429747126436782,Above Average Walkable,0.2658028546628358,150.6692025807426,0.4414664137931035
17031301802,15.725277856939298,Highly Walkable,0.5264160911894338,202.3406623073865,0.2620385807922485
17031301803,12.249351426860906,Above Average Walkable,0.20659436841077625,110.19426993980017,0.27010172620235484
17031310200,17.163841807909606,Highly Walkable,0.6276015320991315,215.72945923446557,0.26535406779661014
17031310300,17.666666666666664,Highly Walkable,0.6954261892001258,295.50728889303485,0.19446000000000002
17031310400,15.5,Highly Walkable,0.3217593973554373,312.2528801436087,0.21994
17031310500,18.166666666666668,Most Walkable,0.7681425908539635,373.3491159955953,0.30443000000000003
17031310600,17.131656137184116,Highly Walkable,0.5949750027834836,303.6158737960987,0.15424811597472923
17031310700,17,Highly Walkable,0.4643847396390737,415.5438963910174,0.24811000000000002
17031310800,15.331002607252904,Highly Walkable,0.3758148602122496,222.23532587414513,0.21521619341076087
17031310900,15.31700983120015,Highly Walkable,0.3853282187308367,178.2750950239423,0.25134872565386757
17031320100,17.132732889852257,Highly Walkable,0.5699663440466799,702.6892895051102,0.1827703535391285
17031320400,19.166666666666668,Most Walkable,0.6682681860238857,688.6715879096068,0.09924
17031320600,17.096689010765793,Highly Walkable,0.6046307211674601,286.1987511368869,0.21589617306520412
17031330100,16.694035228853473,Highly Walkable,0.5855335414402599,307.51449298655365,0.13556815827844537
17031330200,14.982446043165467,Above Average Walkable,0.37146671485288685,228.13701512847135,0.25181674244604313
17031340300,13.666666666666668,Above Average Walkable,0.1831450193362399,359.9703151543339,0.35674
17031340400,17,Highly Walkable,0.5824813551287394,145.75000091026843,0.18641999999999997
17031340500,16.666666666666668,Highly Walkable,0.353113689773589,360.9551827825999,0.2575
17031340600,16.5,Highly Walkable,0.7210467985201323,271.03854789162835,0.26152
17031350100,11.014586109877092,Above Average Walkable,0.19098368859303605,58.1613059212035,0.32685141270546425
17031350400,13,Above Average Walkable,0.21978906812227123,304.3965072426093,0.39831
17031351000,14.14874696847211,Above Average Walkable,0.41640335847838417,173.031149195121,0.21019028833198597
17031351100,11.655369784606117,Above Average Walkable,0.2600074733374806,86.17223727885519,0.3154627067329417
17031351400,15,Above Average Walkable,0.45685202010382325,221.27032919681662,0.40502
17031351500,14.5,Above Average Walkable,0.3268705711889971,436.8205348956885,0.22799000000000003
17031360200,14.166666666666666,Above Average Walkable,0.029077449501484772,468.95472544696145,0.14618
17031380100,16,Highly Walkable,0.2660513604661694,384.4493856842227,0.34332999999999997
17031380200,13.360638089645724,Above Average Walkable,0.2289161212400082,275.3304008597698,0.30307616559013506
17031380500,14.5,Above Average Walkable,0.3771442080091291,311.27721598539785,0.1663
17031380700,12.833333333333332,Above Average Walkable,0.4540213473083159,120.08358356388459,0.38758
17031381200,13.680587780355763,Above Average Walkable,0.19958259049114616,144.2540493954219,0.2128870533642691
17031381400,12.833333333333332,Above Average Walkable,0.30187093029049866,43.62390295406226,0.2186
17031381500,15,Above Average Walkable,0.689842116620565,119.18632853747359,0.17971
17031381700,NA,No Data,NA,NA,NA
17031381800,14.926634768740032,Above Average Walkable,0.5560544908224201,145.66334474637335,0.20023531100478467
17031381900,15.125493291239147,Above Average Walkable,0.47207471401898377,221.1468466921363,0.1914513733228098
17031390100,12,Above Average Walkable,0.525915929334832,67.98201574965879,0.4251399999999999
17031390200,14.487117552334942,Above Average Walkable,0.4414221853847287,189.20818602923637,0.4572519806763285
17031390300,14.88908430062141,Above Average Walkable,0.312950074307485,200.81235949395563,0.23381478016180093
17031390400,13.572916666666668,Above Average Walkable,0.26228606194178444,197.982396410685,0.28691312500000005
17031390500,15,Above Average Walkable,0.26673003301123993,227.4592105411856,0.34332999999999997
17031390600,13.908504176157937,Above Average Walkable,0.3438403361267322,211.8767624495023,0.3260350113895216
17031390700,14.313028314713009,Above Average Walkable,0.18121608217835639,295.29487695546163,0.23327446001064017
17031400300,16.666666666666668,Highly Walkable,0.48360755556966567,251.81671176514888,0.23738000000000004
17031400400,13.478616352201257,Above Average Walkable,0.21117373966508743,156.30819489066297,0.26011911320754716
17031400500,12.676683361157485,Above Average Walkable,0.16214966275202386,119.18831661840342,0.3273371786310517
17031400800,11.723577235772357,Above Average Walkable,0.39107970875267106,56.363548166733764,0.18770943089430892
17031410100,13.03707107843137,Above Average Walkable,0.32574418881314754,169.78202564994083,0.1870419944852941
17031410200,10.333333333333334,Below Average Walkable,0.10334321365830085,39.95317562728686,0.11131
17031410500,14.99016393442623,Above Average Walkable,0.4338334091387582,229.7003581414029,0.21282109836065574
17031410600,14.950166728417933,Above Average Walkable,0.5788502301371452,201.87200720739935,0.21865472397184146
17031410700,16.666666666666668,Highly Walkable,0.5568705436338858,338.9293100852461,0.33126
17031410800,15.929203539823009,Highly Walkable,0.5494677038124983,214.49499973714092,0.20373426745329398
17031410900,14.529929751657267,Above Average Walkable,0.4288932519939274,177.1518348868125,0.07766633422380528
17031411000,16.670190386031347,Highly Walkable,0.5497900738377258,339.3597610916476,0.20584466077627012
17031411100,15.90181554103123,Highly Walkable,0.3201716076402954,212.75978686874845,0.27749389978213507
17031411200,15.272189984955943,Highly Walkable,0.31561935361944865,200.27000045847882,0.27778718246292716
17031420100,14,Above Average Walkable,0.5536316873150985,141.84845238210676,0.28432
17031420200,14.333333333333334,Above Average Walkable,0.5650615872018758,112.13583726072929,0.32589
17031420300,13.666666666666668,Above Average Walkable,0.16499814674010474,151.5021613012521,0.12875
17031420400,15.166666666666664,Above Average Walkable,0.5400173831739283,130.3432865857372,0.23604
17031420500,12.618143459915611,Above Average Walkable,0.26706945273861143,100.0775864115902,0.0696312658227848
17031420600,12.350739151168336,Above Average Walkable,0.16812827158768767,115.87347253004832,0.17376670958512158
17031420700,11.985836627140975,Above Average Walkable,0.2173201903046891,95.67930571929955,0.22354856389986824
17031420800,13.716095149830089,Above Average Walkable,0.3585935335973842,103.42479434981915,0.23500085727525485
17031421200,14.184297520661158,Above Average Walkable,0.4035180073772376,147.02342094580953,0.21612107438016528
17031430101,9.79912336968142,Below Average Walkable,0.13627030086902048,47.54095141492453,0.18696957023733163
17031430102,12.283869555701466,Above Average Walkable,0.05908738177368712,112.66251707731226,0.17982083059750495
17031430200,12.880299670765304,Above Average Walkable,0.18242799880961688,103.62502242259683,0.23246338238258418
17031430300,13.85696413678065,Above Average Walkable,0.4567875055486773,137.6336480585691,0.294505329441201
17031430400,12.919085631349782,Above Average Walkable,0.36335174324496655,135.59606558534793,0.3479967198838897
17031430500,15.010367049593723,Above Average Walkable,0.3213085047286239,172.8149099111898,0.194645298402914
17031430600,14.0359375,Above Average Walkable,0.4115695090701719,147.90301471860278,0.3134351822916667
17031430700,12.543856103476152,Above Average Walkable,0.26787657416240546,103.07437184923897,0.05063522231204527
17031430800,12.613420652999242,Above Average Walkable,0.22703155736566796,111.09244814676744,0.2985690660592255
17031430900,13.965648854961833,Above Average Walkable,0.31053460717703785,152.3495867255551,0.285140286259542
17031431200,13.979726544082979,Above Average Walkable,0.2723659587980724,109.3376982854502,0.20950039957567185
17031431301,12.576117318435754,Above Average Walkable,0.19994295979601187,141.49200803309583,0.34194619553072625
17031431302,13.303441167142406,Above Average Walkable,0.23144308433883987,154.52012254457478,0.39675008325404376
17031431400,13.438864211682667,Above Average Walkable,0.42076008799528747,126.2096919655076,0.1357406820461384
17031440101,11.627771010962242,Above Average Walkable,0.1809757252371378,71.00215334651001,0.2636730401948843
17031440102,12.596499285568482,Above Average Walkable,0.4135406967143727,57.47723645749557,0.2375451775872627
17031440201,12.709713701431493,Above Average Walkable,0.19233641325075262,110.2006541841597,0.23129935582822084
17031440202,14.3475464259778,Above Average Walkable,0.3421808300268707,149.63826052884116,0.3059615592903828
17031440300,12.635059354744739,Above Average Walkable,0.3454651815439359,89.54076061963022,0.27755534192702647
17031440600,12.678288138719791,Above Average Walkable,0.19725420736735005,126.85289960320306,0.27332039291643606
17031440700,11.225694444444445,Above Average Walkable,0.38018312442524366,39.2337574118469,0.22119187500000004
17031440800,12.851447135262847,Above Average Walkable,0.15950975485629865,119.63171933922791,0.17593615475487304
17031440900,11.827705797670463,Above Average Walkable,0.16589717528117182,109.23715398243476,0.4179619002748331
17031450300,14.269240941549855,Above Average Walkable,0.3907542528655684,120.99252054897023,0.234533567839196
17031460100,12.240021417445481,Above Average Walkable,0.26750031582050254,93.3296941859704,0.24106646320093458
17031460200,11.80969648133226,Above Average Walkable,0.31196893571670603,129.96158104574582,0.4953784206285254
17031460301,12.890311566367902,Above Average Walkable,0.33109707502662694,99.79556638218577,0.33483274007682456
17031460302,10.136950904392766,Below Average Walkable,0.20640626994611705,86.77220862199547,0.5189219523399369
17031460400,10.985477178423237,Above Average Walkable,0.18818709747580145,110.26985208677256,0.4807565352697096
17031460500,12.417094622513428,Above Average Walkable,0.23249961066967326,114.10482908830893,0.2430347476536214
17031460600,13,Above Average Walkable,0.1454705496548738,112.66118712486603,0.29505000000000003
17031460700,12.334408194233687,Above Average Walkable,0.1847390466865825,102.78998159164162,0.17750039453717753
17031461000,19,Most Walkable,0.8624876509593044,178.3015522568005,0.07242
17031470100,12.920376712328768,Above Average Walkable,0.5058949254440599,105.80910018426744,0.3955833176369863
17031480100,15.315085158150854,Highly Walkable,0.5572088760666436,183.46953088808064,0.27165813868613137
17031480200,14.255926251097453,Above Average Walkable,0.5879240804647821,89.27904797165013,0.2386343371378402
17031480300,14.338017527954063,Above Average Walkable,0.5206012333421428,88.94059630572015,0.25900822302810517
17031480400,12.81793218720153,Above Average Walkable,0.3348122947198372,142.75533552945205,0.3184952363896848
17031480500,13.362775130474244,Above Average Walkable,0.4480200309017889,142.93118837529337,0.4019129169503063
17031490300,12.743732193732194,Above Average Walkable,0.14829739506320153,131.53564553277573,0.24978138461538457
17031490400,14.166666666666668,Above Average Walkable,0.1814389584882618,174.36249533914742,0.27493
17031490500,14.713811420982736,Above Average Walkable,0.2537272650824764,252.2267488899391,0.11335719123505976
17031490600,9.666666666666668,Below Average Walkable,0.16700225635273172,75.84178426963496,0.5163300000000001
17031490700,12.321078431372547,Above Average Walkable,0.1532832106454606,170.03900256295609,0.38937919117647063
17031490800,14.44812925170068,Above Average Walkable,0.38589845231489467,197.9049426748701,0.22991068513119536
17031490901,13.482289690069578,Above Average Walkable,0.164157923644093,192.0248248299303,0.20579980211439414
17031490902,13.40283199387677,Above Average Walkable,0.20866324284360518,147.14953751387,0.2828688082663605
17031491000,12.956121726822364,Above Average Walkable,0.3502920054868055,162.6132645396777,0.4664839278131635
17031491100,12.840464743589743,Above Average Walkable,0.3050481355790771,161.6736442483889,0.3810640264423077
17031491200,13.529857819905214,Above Average Walkable,0.332187391496655,227.75769097446414,0.3834839336492891
17031491300,13.157645553422904,Above Average Walkable,0.16087082277925285,249.58992809252325,0.3135253051823416
17031491400,15.081954957480608,Above Average Walkable,0.3780528068381003,232.50264944313147,0.20108523409027193
17031500100,13.557148794679966,Above Average Walkable,0.5218332927324497,119.89879728927689,0.4425297849127182
17031500200,11.849992178945723,Above Average Walkable,0.6017879098524913,51.00892333466219,0.28700338808071324
17031500300,15.166666666666664,Above Average Walkable,0.6082540379222175,245.41739557469717,0.39019509140148956
17031510100,13.467717473729822,Above Average Walkable,0.5125317887525735,77.33255080304448,0.15801406239844004
17031510200,12.081451370069257,Above Average Walkable,0.2394563361382374,112.98361090609158,0.3615569467028004
17031510300,14.431135388216934,Above Average Walkable,0.36870223337187874,167.6435173475399,0.18906686305111198
17031520100,16,Highly Walkable,0.661037194798238,86.63750258841876,0.12607
17031520200,10.786830450405283,Above Average Walkable,0.361958537870563,58.494686698604546,0.2894785159187766
17031520300,13.243469352911047,Above Average Walkable,0.2566045778309858,135.87555019304205,0.30152469011439303
17031520400,14.780032932416953,Above Average Walkable,0.39006099870756683,122.82180537203224,0.2017376417525773
17031520500,13.025738892151105,Above Average Walkable,0.35911472268077044,124.59922967001091,0.29594351536504204
17031520600,14.833333333333332,Above Average Walkable,0.5920371739130477,110.19214945894134,0.14082
17031530100,15.11531007751938,Above Average Walkable,0.414081897823785,298.59954643007177,0.23250023255813954
17031530200,13.491326530612245,Above Average Walkable,0.14207489604494686,362.63853367066235,0.3191339030612245
17031530300,13.269744744744743,Above Average Walkable,0.25902163150404384,161.4948339483247,0.29011672522522525
17031530400,12.530686799805164,Above Average Walkable,0.49542841434990575,122.56017149357922,0.641950452995616
17031530501,13.827411714039622,Above Average Walkable,0.1288061977745852,207.47078149136482,0.3381090137812231
17031530502,11.166666666666664,Above Average Walkable,0.07274267467105051,121.05421215305819,0.6035
17031530503,13.105307215804453,Above Average Walkable,0.17267499889723187,197.1425459516134,0.3281497338021095
17031530600,13.567407965824854,Above Average Walkable,0.16158190589542346,262.2898447538996,0.13547361100640784
17031540101,13.691286477599672,Above Average Walkable,0.24498048628533559,499.933842712709,0.3267761849568434
17031540102,13.08741295083671,Above Average Walkable,0.34810301752767764,446.5980320704872,0.3000887184284378
17031550100,13.337912229253487,Above Average Walkable,0.45417273890005805,121.58939626851773,0.33745610279364097
17031550200,11.587185130838835,Above Average Walkable,0.2586275004769385,98.29241138919025,0.5615055612619223
17031560100,14.333333333333336,Above Average Walkable,0.7776569930703315,70.93123417615645,0.38624000000000003
17031560200,12.572349858927852,Above Average Walkable,0.42449994890217085,132.25469762561414,0.500700991535671
17031560300,14.952782193958665,Above Average Walkable,0.4423985171702266,176.76513861746324,0.4446495135135135
17031560400,16.666666666666668,Highly Walkable,0.6484329685361472,104.24755114801275,0.22799
17031560700,16.773483628556093,Highly Walkable,0.5907710994891983,256.32520854616354,0.2719391331186259
17031560800,15.449569600181219,Highly Walkable,0.5174891389418145,159.80456055347173,0.2987729850492694
17031560900,14.865068963365161,Above Average Walkable,0.4506158955897271,166.06725166716112,0.4501657629657368
17031561000,14.1968172823219,Above Average Walkable,0.4403581967343445,129.79142551062543,0.39544031992084433
17031561100,12.680388949472919,Above Average Walkable,0.24677387146930854,140.44452120105512,0.3471827917121047
17031570100,13.5,Above Average Walkable,0.5966084003189096,78.78695724426066,0.23604000000000003
17031570200,14.333333333333334,Above Average Walkable,0.7585124890021951,52.3856846650234,0.27091000000000004
17031570300,14.193346219176476,Above Average Walkable,0.49710410503019853,140.5239034106683,0.4023518625900545
17031570400,14.836714975845412,Above Average Walkable,0.5800322782944312,134.53358812625368,0.1705253913043478
17031570500,14.437845705967975,Above Average Walkable,0.42810598880381107,136.58761773190363,0.24934951091703056
17031580100,16.171319796954315,Highly Walkable,0.6392299404648174,201.61800687781673,0.2532940355329949
17031580200,13.722736081747708,Above Average Walkable,0.4098930820444232,130.0198351769638,0.16000535940803381
17031580300,14.833333333333332,Above Average Walkable,0.5301787624125759,159.52017201069498,0.0751
17031580400,16.64516129032258,Highly Walkable,0.5024269318285055,209.79419197703766,0.26668966680814943
17031580501,14.692029712909054,Above Average Walkable,0.28962563370629135,206.82700696596618,0.19538640232884963
17031580502,14.345846025204564,Above Average Walkable,0.4036153548630477,177.63345316954403,0.29518391327719046
17031580600,13.210668728256667,Above Average Walkable,0.2972798351024286,154.97082203342896,0.24446249903362968
17031580700,12.884070749171743,Above Average Walkable,0.15333742416252702,136.03837572358017,0.45039911029176016
17031580800,16,Highly Walkable,0.39537977128275087,226.1594077537942,0.34869
17031590500,17,Highly Walkable,0.6357538273989242,211.3483134299529,0.22665000000000002
17031590600,12.67767808591626,Above Average Walkable,0.1306910304771958,154.4706897117402,0.34174556280587276
17031590700,15.200707338638374,Above Average Walkable,0.4981474471616282,161.54842316963436,0.229899991158267
17031600400,14.814223128635094,Above Average Walkable,0.4168077773257887,141.22894253199865,0.22023937910718333
17031600600,16.10736,Highly Walkable,0.4500933371008867,198.64819943934046,0.29709292159999995
17031600700,14.832945586144499,Above Average Walkable,0.27152049297420444,173.06648679557762,0.18369381155486628
17031600900,15.479467205231776,Highly Walkable,0.3252782555728651,300.60220454652114,0.20306612521638776
17031610300,13.59712169668406,Above Average Walkable,0.5602703091750215,117.54643069362479,0.4845075593334455
17031610400,14.5,Above Average Walkable,0.3687734556224317,185.19818248094123,0.2575
17031610800,12.666666666666666,Above Average Walkable,0.2231810129863388,205.52639353525007,0.6839700000000001
17031611000,16,Highly Walkable,0.7619091779132238,143.60171548513432,0.30845999999999996
17031611100,11.889008311837202,Above Average Walkable,0.17043564119182253,113.94170609011655,0.2717508770421324
17031611200,13.747596153846153,Above Average Walkable,0.3894107725306417,175.452054744841,0.38719938701923073
17031611300,15.997884437392567,Highly Walkable,0.5216164483579269,173.3974829216425,0.3494777310591035
17031611400,13.678376906318084,Above Average Walkable,0.2815602887126656,136.3752079884056,0.26948194117647056
17031611500,14.184414039262343,Above Average Walkable,0.4365200012577168,160.88462167824127,0.30589258179654966
17031611600,14.162313432835822,Above Average Walkable,0.3086871943926098,202.9186224157714,0.23350880597014925
17031611700,14.193141852286049,Above Average Walkable,0.48833406181528216,164.65595911468188,0.1994863657678781
17031611800,10.716387726638773,Above Average Walkable,0.13898092691212874,81.4121094932516,0.3314854267782427
17031611900,11.893772893772892,Above Average Walkable,0.18470037825027283,191.39668514012735,0.34300395604395606
17031612000,10.584607914542364,Above Average Walkable,0.10142734161194412,78.87265245804157,0.22264728332119443
17031612100,13.666666666666666,Above Average Walkable,0.15161733474968453,187.89026717838507,0.2119
17031620100,13.774676627239398,Above Average Walkable,0.4491911693490066,121.942041524903,0.5000187404025731
17031620200,14.848281016442453,Above Average Walkable,0.4100923266582632,170.3867018406294,0.28115212556053815
17031620300,13.284408187735526,Above Average Walkable,0.27924091886515173,153.07252549413707,0.31738914054470707
17031620400,12.390480420460435,Above Average Walkable,0.2824618610669337,103.90512759665506,0.21171266933155675
17031630100,13.5,Above Average Walkable,0.45643553865758946,86.68775353387029,0.07778
17031630200,13.666666666666666,Above Average Walkable,0.5052990718857376,119.82941387410168,0.16362000000000002
17031630300,12.536779929363048,Above Average Walkable,0.4821782791377951,80.54896394443598,0.4047566094263792
17031630400,13.74845023673549,Above Average Walkable,0.2770925063320453,142.8014558310457,0.21736443696002342
17031630500,12.526675412703618,Above Average Walkable,0.25083577500437676,83.92483007269243,0.24391434732699244
17031630800,13.052735198987484,Above Average Walkable,0.28667305305938484,114.84816488405023,0.28336729855153986
17031630900,14.923629489603025,Above Average Walkable,0.3385597958562648,203.80438252034665,0.36021151417769376
17031640100,15.333333333333332,Highly Walkable,0.41532569895450744,200.73762880215492,0.27626999999999996
17031640300,14.592333845652277,Above Average Walkable,0.3733724114807067,167.38607130960295,0.23350177169204975
17031640400,13.401242907322345,Above Average Walkable,0.37142863498393985,123.73230836712604,0.3700731342880303
17031640500,13.919479429051217,Above Average Walkable,0.1280096700993958,113.82803608734103,0.21153782871536525
17031640600,14.54877341289574,Above Average Walkable,0.3416419878145103,113.04431626347034,0.2038156762804575
17031640700,14.820029563932001,Above Average Walkable,0.45283168520516065,177.90872878382783,0.2364849251662971
17031640800,12.914035087719295,Above Average Walkable,0.49078800373743947,87.9767573779702,0.2948925207756233
17031650100,13.784333710834275,Above Average Walkable,0.3481440158315624,108.79043688192432,0.23224743374858436
17031650200,13.592566911662738,Above Average Walkable,0.3100865935946409,123.13680853202497,0.2838483303286645
17031650301,14.19168562041951,Above Average Walkable,0.3415190051532969,138.26422537208867,0.45194017247915086
17031650302,14.34330552244736,Above Average Walkable,0.37936544846979814,165.05851132165844,0.4126866126340882
17031650400,13.770571720265442,Above Average Walkable,0.2678286762000282,144.48954424842103,0.23350447320061254
17031650500,14.585843042426907,Above Average Walkable,0.5921224324000526,118.14553306685815,0.48051153660145085
17031660301,15.5,Highly Walkable,0.369273018707122,147.60764623698225,0.16898
17031660302,13.3433598937583,Above Average Walkable,0.2683356432733679,112.00634554728148,0.25643805378486056
17031660400,11.882361065075681,Above Average Walkable,0.2439757645145475,73.76135769760286,0.23574664070268478
17031660500,11.699187853107345,Above Average Walkable,0.2706020504892279,78.33358098230178,0.33751510805084745
17031660600,12.903820929569433,Above Average Walkable,0.3147205510172352,101.63504595638662,0.21102646535500427
17031660700,15.322529011604642,Highly Walkable,0.693788899556732,120.98893538477435,0.2431759543817527
17031660800,12.183855125844076,Above Average Walkable,0.15496665362096718,105.16031088675686,0.22323061591978718
17031660900,14.270558159352365,Above Average Walkable,0.3045500384575563,183.97481266149697,0.3476975628461866
17031661000,13.979736280783401,Above Average Walkable,0.4038737570446497,145.95119500456332,0.3279525014543339
17031661100,13.402666277429086,Above Average Walkable,0.19141578652948,167.05067653842463,0.2744386877828054
17031670100,12.794491525423728,Above Average Walkable,0.22337440771714132,139.27693079584935,0.2689519491525424
17031670200,14,Above Average Walkable,0.37916929012279066,182.4695570540844,0.26152
17031670300,14.667258732978096,Above Average Walkable,0.5747228378339836,157.23324687050683,0.24835589698046182
17031670400,11.666666666666666,Above Average Walkable,0.08942698754499383,129.62997525953065,0.30712
17031670500,13.666666666666666,Above Average Walkable,0.22240000315912214,217.8029993854943,0.31382
17031670600,11.638095238095238,Above Average Walkable,0.04781710116362812,117.61596810995844,0.209636
17031670700,14.66200248756219,Above Average Walkable,0.6323736564987281,133.73964362636747,0.24916679104477613
17031670800,14.424122459751914,Above Average Walkable,0.27328478352300156,157.4310451042348,0.26211825811559775
17031670900,12.462022420498743,Above Average Walkable,0.15552123265644244,150.59000012462005,0.3021099588194921
17031671100,13.5,Above Average Walkable,0.6028690733771576,80.99896959827515,0.26822
17031671200,13.597976570820022,Above Average Walkable,0.5815130028631837,148.52047907457566,0.2951937380191693
17031671300,12.251356080489938,Above Average Walkable,0.12786700753532193,129.35846634910123,0.2807867716535433
17031671400,12.432089909134385,Above Average Walkable,0.18806971289062074,199.77140874279044,0.30339523672883784
17031671500,14.635723431498079,Above Average Walkable,0.37387804230931476,190.93259435157952,0.16883661971830982
17031671600,12.917906746031745,Above Average Walkable,0.1361947252185257,175.3636281785684,0.34591866071428573
17031671800,12,Above Average Walkable,0.12503014564247789,127.82670702198958,0.37685
17031671900,13.333333333333332,Above Average Walkable,0.47674737138231993,91.172925344545,0.34199
17031672000,13.461081036745407,Above Average Walkable,0.1954571313642185,170.48283267040892,0.2920165625
17031680500,11.971742935733934,Above Average Walkable,0.06017384802928114,145.36852991975138,0.2928210577644411
17031680600,12.227064220183486,Above Average Walkable,0.173249936937774,127.43112373385952,0.25890902905198776
17031680900,12.599514091350825,Above Average Walkable,0.33345713471242744,151.3945495401476,0.5100530728862974
17031681000,11.940615928309983,Above Average Walkable,0.2813452675965038,93.30274065741561,0.2891509920484665
17031681100,12.27709049255441,Above Average Walkable,0.3349333113433157,106.89909698958742,0.23769804810996562
17031681200,13.133147484401965,Above Average Walkable,0.1360358666530851,170.24614283992494,0.2734276782158503
17031681300,12.2984496124031,Above Average Walkable,0.1106285010471488,192.91340879562927,0.36046664765247916
17031681400,13.521646800931633,Above Average Walkable,0.36914242040378087,128.90801926955726,0.19503331278257294
17031690300,13.78090192882369,Above Average Walkable,0.49167843962064295,119.31365101736222,0.1379004400977995
17031690400,13.239469921917957,Above Average Walkable,0.3260351530539466,120.98274518408537,0.23956187726822833
17031690500,13.833333333333334,Above Average Walkable,0.5023877468163721,106.89230357343588,0.1663
17031690900,11.597107275163554,Above Average Walkable,0.29801639812423625,75.41809973927786,0.20810833766847953
17031691000,11.34934640522876,Above Average Walkable,0.3587281497952199,58.66677421537465,0.24819766274509805
17031691100,13.37877269183651,Above Average Walkable,0.2184648291630962,153.97149208382854,0.16589506515202138
17031691200,14.364993825081399,Above Average Walkable,0.3611583599644476,139.3475577447986,0.23435069720444593
17031691300,13.424393547592661,Above Average Walkable,0.418247806016841,63.28674204527232,0.26069128555596605
17031691400,13.076008273009307,Above Average Walkable,0.45001976342162064,83.94667863150273,0.217648466046191
17031691500,12.725459859033867,Above Average Walkable,0.46720772871827515,87.5985341893991,0.2934267921609077
17031700100,14.153810060060058,Above Average Walkable,0.5261240849781545,139.5235667582035,0.4751723704954955
17031700200,13.605955609119214,Above Average Walkable,0.41196942458284713,146.11650705579763,0.316171172039771
17031700301,14.54283403766891,Above Average Walkable,0.4142858785876073,174.59557851334696,0.5762854343402724
17031700302,14.665988585635985,Above Average Walkable,0.2661779279703072,213.36960660676547,0.4273347703000509
17031700401,14.643032766320438,Above Average Walkable,0.2371286438054305,197.50688508183953,0.39434516182447693
17031700402,14.777938342967243,Above Average Walkable,0.4730250806121224,142.6006771976368,0.4241349333036905
17031700501,13.60442283862358,Above Average Walkable,0.253248144193965,204.27938830150777,0.5004957649413783
17031700502,11.92375728826959,Above Average Walkable,0.39816192333072414,118.98849886227896,0.6217508479098727
17031710100,13,Above Average Walkable,0.1787872083782868,100.35525504430957,0.22531
17031710200,11.792715792715795,Above Average Walkable,0.21876531873006708,106.42661083199049,0.2992608893508894
17031710300,16.833333333333332,Highly Walkable,0.687676459036304,158.19479971040334,0.37417
17031710400,12.279984282432597,Above Average Walkable,0.10149782516566086,116.94538607670016,0.2075406474428727
17031710500,12.407580356447975,Above Average Walkable,0.2808992275162063,101.16240026773079,0.2856827597478403
17031710600,11.129032258064516,Above Average Walkable,0.1139342524362435,86.43956111088951,0.2797303225806452
17031710700,13.664806815454762,Above Average Walkable,0.3756004432258007,166.00070547166305,0.2360262598992081
17031710800,13.645960767770513,Above Average Walkable,0.2395316845975068,139.22211374909494,0.18859369964142583
17031710900,14.281962338949455,Above Average Walkable,0.555376336169738,120.37422764819513,0.43587310208126856
17031711000,13.528220451527224,Above Average Walkable,0.13190795897496818,134.57465776634757,0.2817341865869854
17031711100,12.792857142857141,Above Average Walkable,0.2790581630462734,135.92745321293313,0.33892234199134197
17031711200,13.785067572065776,Above Average Walkable,0.32560249669116104,163.4336589604495,0.17844961254244057
17031711300,13.000464511334078,Above Average Walkable,0.34519055829573286,98.02912006663333,0.26826842809364554
17031711400,14.170075903769458,Above Average Walkable,0.44749758312048554,138.3632434428553,0.26201049787726743
17031711500,11.035169988276671,Above Average Walkable,0.048594467642421486,102.65254823332982,0.33688861664712777
17031720100,14.229930575926467,Above Average Walkable,0.506364046039062,106.52974622281658,0.427160762687005
17031720200,15.26546412980809,Highly Walkable,0.5330092111860971,130.63310856703526,0.36819989374845563
17031720300,14.344430894308944,Above Average Walkable,0.511926354761402,157.15748252580545,0.45163316585365854
17031720400,14.453302767872302,Above Average Walkable,0.4879261340797637,165.88097962386402,0.4076643912379012
17031720500,16.830477550372837,Highly Walkable,0.6458634691445684,203.19736386387422,0.3478935268919562
17031720600,16.42223491338283,Highly Walkable,0.5945763238635413,178.79090115936782,0.3231461336379212
17031720700,12.098064796694933,Above Average Walkable,0.3261600488581139,113.3437560959847,0.4901439660795825
17031730100,11.343599257884971,Above Average Walkable,0.13844870279544044,94.26277173043157,0.326077280148423
17031730201,11.787520439149732,Above Average Walkable,0.13657697940642946,123.85754896558491,0.42872166082690955
17031730202,11.43568075117371,Above Average Walkable,0.2754829730171085,123.51212953066967,0.6834515183098593
17031730300,15.5,Highly Walkable,0.5220034952003847,296.23801275666074,0.16093000000000002
17031730400,14.477993607081387,Above Average Walkable,0.5631846662693475,183.8461220744015,0.3456053085812638
17031730500,12.93324156916724,Above Average Walkable,0.20663528603356213,147.87135761538312,0.36409661619637534
17031730600,11.941369298492084,Above Average Walkable,0.10568654244511137,128.16617914519745,0.28500134026411916
17031730700,14.08746526254205,Above Average Walkable,0.2747569321633593,174.96119797983118,0.296491197893813
17031740100,16.07081500104756,Highly Walkable,0.5422879371934551,178.83238396400694,0.16700260842237588
17031740200,13.920957814142021,Above Average Walkable,0.43127596863626316,201.78116813972213,0.4236595165891007
17031740300,14.126575028636882,Above Average Walkable,0.27239735525369824,172.43440604260115,0.4525551263391955
17031740400,13.463056531927357,Above Average Walkable,0.37132584321101586,135.8767099434653,0.5282294903339192
17031750100,12.853391015556719,Above Average Walkable,0.22645233855703994,162.96264221381927,0.42254122968012586
17031750200,14.279937604991602,Above Average Walkable,0.43382273492562634,155.62913134523498,0.4320338444924406
17031750300,15.477679764768776,Highly Walkable,0.4946160538333784,187.7853063361534,0.3281375541299118
17031750400,15.334487686895338,Highly Walkable,0.4724491608046943,213.47412469081974,0.5595607948548812
17031750500,14.035890039029358,Above Average Walkable,0.46326714728782703,114.76615586468331,0.3993131494994061
17031750600,13.384247884247884,Above Average Walkable,0.28744825089920845,155.1974956147702,0.3335754791154791
17031760801,15.16903210795719,Above Average Walkable,0.7623034109790714,70.28906883242318,0.2079061726384365
17031760802,13.333333333333334,Above Average Walkable,0.786922171333873,26.230742879092354,0.49487000000000003
17031760803,12.27060335260791,Above Average Walkable,0.27792401027171443,101.75393389524737,0.34322153145260204
17031770602,14.252126911021556,Above Average Walkable,0.7003860135442491,70.69837773285154,0.38179134331222414
17031770902,15.745992897590938,Highly Walkable,0.4796128094585772,163.28469116438333,0.40031604088684136
17031810400,15.235885465297228,Above Average Walkable,0.5792099071747641,136.82837205073994,0.6261331858076563
17031821402,14.685296407518628,Above Average Walkable,0.5138717140555279,124.62438694224409,0.19694621955288624
17031823304,14.584908222004996,Above Average Walkable,0.5042450732707423,168.24666817611023,0.5895680319322254
17031830500,13.122975062176513,Above Average Walkable,0.5347683587895409,57.792749697516506,0.2672568542044767
17031830600,15.236336830556128,Above Average Walkable,0.3438143729239098,226.99421787323766,0.2312751717753549
17031830700,16.597526852604027,Highly Walkable,0.6379821856443182,191.8335288278122,0.1736980070403466
17031830800,17.250464437367302,Highly Walkable,0.6292951998769983,153.38818324624012,0.20018595939490447
17031830900,17.47496492931909,Highly Walkable,0.697387281475683,176.1783400356565,0.15825791194561345
17031831000,17.59908883826879,Highly Walkable,0.5762093056358084,417.1548412164398,0.2607410706150341
17031831100,14.281586617665695,Above Average Walkable,0.36843708964051736,123.81459265553126,0.28614071093650995
17031831200,13.874397133801846,Above Average Walkable,0.45215722685233223,101.66989111248984,0.2361564138073584
17031831300,15.166666666666668,Above Average Walkable,0.6968084237869436,97.4329594811995,0.11265
17031831400,14.973398297491041,Above Average Walkable,0.7585448211539995,81.65588661449391,0.35517359879032256
17031831500,16.14068100358423,Highly Walkable,0.692115955807428,301.0862827379874,0.23803685483870968
17031831600,15.079855053013018,Above Average Walkable,0.5627986060326163,139.90872238089267,0.28230544893302906
17031831700,17.5,Highly Walkable,0.7537618846347625,206.06220984382156,0.25481
17031831800,14.924012485200734,Above Average Walkable,0.4947576784145504,268.2668540773567,0.17267057797868907
17031831900,17.66243277262845,Highly Walkable,0.6497954063923468,205.33192821325102,0.2277197699965671
17031832000,14,Above Average Walkable,0.6357523447514765,87.59903762187312,0.21592
17031832100,15.972025662798378,Highly Walkable,0.32566717785300087,206.7376415854589,0.1619948032833286
17031832200,17.431235431235432,Highly Walkable,0.508124144937469,324.09488975011425,0.21921059592581332
17031832300,18.833333333333332,Most Walkable,0.9841807220417598,173.02827676864587,0.22263
17031832400,14.484529295589203,Above Average Walkable,0.51488133039069,149.64877008054498,0.2287062475312706
17031832500,18.044353703182203,Highly Walkable,0.8188026910177505,174.5083754376991,0.35375749084764857
17031832600,17.066181657848325,Highly Walkable,0.663650112153905,292.1058060760136,0.25315655555555555
17031832900,15.05340223944875,Above Average Walkable,0.5899907421330476,251.93118754110856,0.3058631007751938
17031833000,18.740293217335264,Most Walkable,0.8124269422419855,253.14158527324702,0.30287614306428223
17031833100,18.749862068965516,Most Walkable,0.8027361762852444,304.9887683502971,0.20311728965517242
17031833300,18,Highly Walkable,0.7216604067305373,363.68494272525965,0.20653
17031833900,15.267259552042162,Highly Walkable,0.3878680962901841,155.9683242088941,0.19026901976284585
17031834000,12.616883116883116,Above Average Walkable,0.09936390092867751,201.08025851250255,0.5200911038961039
17031834200,14.886286969483015,Above Average Walkable,0.42543284540475557,154.97579249465332,0.23645901153212523
17031834300,13.013463246724406,Above Average Walkable,0.27566032558245207,126.98959115299265,0.37207547968021315
17031834400,12.26408504176158,Above Average Walkable,0.4122058970146411,157.1267158587483,0.35882884738041004
17031834500,12.666666666666668,Above Average Walkable,0.5311749120195839,102.33324573249935,0.37149
17031834600,13.713839662447258,Above Average Walkable,0.2710546902220686,138.44040259877954,0.1752101974683544
17031834700,13.334502103786816,Above Average Walkable,0.26327360611130435,155.97020939724504,0.22407900420757365
17031834800,14.908150064683053,Above Average Walkable,0.4035727035255388,180.45737685952085,0.1792786351875809
17031834900,12.770072239422085,Above Average Walkable,0.12671297497210454,184.6992354422103,0.2813111269349845
17031835000,13.200432823431756,Above Average Walkable,0.3488096614316478,89.6830329300514,0.23322477410174314
17031835100,15.052558280351198,Above Average Walkable,0.31648275632216105,230.640928984908,0.23602109718437783
17031835200,16.166666666666668,Highly Walkable,0.639829800865223,162.49448262181036,0.07778
17031835500,14.818796484110885,Above Average Walkable,0.48123516021199253,170.0227707855555,0.15913158215010142
17031835600,14.502972651605232,Above Average Walkable,0.7504694881737025,70.5442123010794,0.1453374910820452
17031835700,11.666666666666668,Above Average Walkable,0.201595107853842,99.9030788802669,0.18105000000000002
17031835800,13.833333333333332,Above Average Walkable,0.12157906998136749,160.89829150073697,0.24408000000000002
17031835900,15.667868338557994,Highly Walkable,0.46394513055046316,199.3617228033427,0.2401315297805643
17031836000,14.608617594254937,Above Average Walkable,0.44168466603019296,359.06032139435365,0.328055105924596
17031836100,11.990273009645254,Above Average Walkable,0.34675508576699965,147.10045051971758,0.36146927905836196
17031836200,14,Above Average Walkable,0.058720707101934624,598.554837541948,0.20653
17031836300,10.230622759856631,Below Average Walkable,0.1345214032587712,68.38165588888253,0.3098275537634409
17031836400,13.517795022745517,Above Average Walkable,0.2198245756836995,240.8524191665541,0.2573715600749264
17031836500,12.543892339544511,Above Average Walkable,0.10062814249530373,155.6565010059099,0.2344128944099379
17031836600,16.35144769387458,Highly Walkable,0.8063261832109493,138.88804840263595,0.2739744172850283
17031836700,14.075901458849437,Above Average Walkable,0.5836498417244831,102.42228266861771,0.24578395953757226
17031836800,12.835181762168823,Above Average Walkable,0.3393011868494148,193.59339024174133,0.22594543438077636
17031836900,12.416200373034906,Above Average Walkable,0.17627433169634033,120.5266802912721,0.12671302158273381
17031837000,15.921367521367522,Highly Walkable,0.4422398755915512,218.09847989470188,0.023349641025641025
17031837100,15.820802005012531,Highly Walkable,0.6987274710590807,133.79428266712006,0.18032667293233084
17031837300,15.188658739291649,Above Average Walkable,0.5890283222130478,156.82487335448852,0.21612765630993483
17031837400,14.646341463414634,Above Average Walkable,0.6256666198597658,136.716729902115,0.20483341463414634
17031837800,17.5,Highly Walkable,0.7931417046321905,131.30795681896632,0.1829687490608565
17031838000,15.031561246927954,Above Average Walkable,0.379211557730432,261.5263620840649,0.20891257663950327
17031838100,16.41600378787879,Highly Walkable,0.4099600218856465,217.9542092028558,0.16197515909090907
17031838200,16.37837381916329,Highly Walkable,0.5035577769770185,251.51000449757035,0.17726285425101215
17031838300,16.299298245614036,Highly Walkable,0.585512237209372,306.2261909693351,0.23709214736842105
17031838600,13.83554523335545,Above Average Walkable,0.2962410294617166,178.60425361556494,0.18115637027206366
17031838700,14.245032088455886,Above Average Walkable,0.3273508452799086,159.98864451866697,0.3100652702389236
17031838800,10.587141506460762,Above Average Walkable,0.38366624187864246,52.00682584875104,0.2883381626221242
17031839000,16.23760761558008,Highly Walkable,0.5204884459169012,243.33092886316862,0.21363621799977245
17031839100,18.202257889009793,Most Walkable,0.5707972337821469,305.1428462242157,0.12166701169749727
17031839200,13.587139749864056,Above Average Walkable,0.43066104776638564,97.54232123514998,0.28108397634584015
17031839500,12.666666666666668,Above Average Walkable,0.3582208801470701,128.46527530090685,0.3782
17031839600,15.57437210436479,Highly Walkable,0.4517318250005005,298.9338629281609,0.1752103438185808
17031839700,16.13909830007391,Highly Walkable,0.4816044769869506,274.6755120064478,0.26588376940133035
17031839800,14.305369127516778,Above Average Walkable,0.2978446794568574,139.77121255771786,0.25310703638290355
17031839900,14.440484272459832,Above Average Walkable,0.4357884055973679,150.19905465268332,0.2204230685675492
17031840000,14.85809325465695,Above Average Walkable,0.3659960900717555,129.10912785556485,0.2748419854217286
17031840100,15.253148614609572,Above Average Walkable,0.39845448739734385,308.64478780892586,0.25016438287153653
17031840200,17.166666666666668,Highly Walkable,0.6630694836807776,165.13686664332704,0.46135000000000004
17031840300,14.09745179063361,Above Average Walkable,0.41297218798426943,139.10852939148836,0.26203952221074384
17031840400,16.933811802232857,Highly Walkable,0.6318805577064088,209.66588974790986,0.2254956650717703
17031840700,16.107294202506537,Highly Walkable,0.6015044166641769,198.93697077250545,0.22372484176359211
17031840800,13.521698217646408,Above Average Walkable,0.3881025947764927,113.21152124334887,0.260135712387911
17031841000,16.833333333333336,Highly Walkable,0.7388542463655327,149.65887608874385,0.24408000000000002
17031841100,18.218372926093515,Most Walkable,0.7381595456022239,238.25780322952232,0.23703425480769233
17031841200,14.942550113659847,Above Average Walkable,0.41538851337440824,125.56230846535752,0.22308256457945858
17031841300,16.04743265993266,Highly Walkable,0.6439617811302383,179.9762166553173,0.2536291388888889
17031841400,14.083700440528634,Above Average Walkable,0.4191320813718754,208.18786127942144,0.2061756475770925
17031841500,14.010713031260977,Above Average Walkable,0.3392116614231549,141.30566314233857,0.1089299578503688
17031841600,14.333333333333332,Above Average Walkable,0.397724425826245,319.68233700871434,0.2119
17031841700,15.5,Highly Walkable,0.5381083384103885,184.50113583511745,0.2575
17031841800,14.985763175906914,Above Average Walkable,0.6108147049169812,119.61163718708228,0.17744309240246403
17031841900,18.871355759429154,Most Walkable,0.869949667231525,284.4219441098286,0.1422074740061162
17031842000,14.783237609019357,Above Average Walkable,0.36516184126444967,277.4147135072376,0.10951569878749202
17031842100,11.762206792184093,Above Average Walkable,0.3095615590917551,88.84905216388108,0.3184286793964481
17031842200,19.166666666666664,Most Walkable,0.9186129398580828,194.4491178760112,0.23335
17031842300,18.908278737343657,Most Walkable,0.9165610614821224,160.89679609962553,0.1272116587254318
17031842400,15.465329052969503,Highly Walkable,0.6913367977349254,160.00626661278986,0.3464494093097913
17031842500,12.333333333333332,Above Average Walkable,0.5130609482159454,126.9015686370553,0.75371
17031842600,14.475717171717172,Above Average Walkable,0.5342759358298581,145.26019330407883,0.27804326545454544
17031842800,13.789836531627577,Above Average Walkable,0.29043701193841415,119.00986780016062,0.21555199004975126
17031842900,15.173994890412802,Above Average Walkable,0.6017359817978324,601.388355212858,0.34499901573215
17031843000,15.999407816818003,Highly Walkable,0.6420393128094117,150.00805566684232,0.1593186221871299
17031843100,13.891843971631205,Above Average Walkable,0.1507323424858134,363.078808576625,0.15371340425531915
17031843200,15.199476735963797,Above Average Walkable,0.7058668288528156,99.56558725930371,0.08693478150190921
17031843300,15.333333333333332,Highly Walkable,0.7177852653729458,130.06279161930382,0.25347
17031843400,14.333333333333336,Above Average Walkable,0.6335864006745289,75.00402452399078,0.15155000000000002
17031843500,11.666666666666666,Above Average Walkable,0.6685020104874304,37.46872090532249,0.53779
17031843600,14.554946310258167,Above Average Walkable,0.3940966725528849,187.65075481781426,0.26607734064427696
17031843700,17.527576104954782,Highly Walkable,0.7830868146297745,272.2526554517729,0.27713921283912873
17031843800,13.9489428699955,Above Average Walkable,0.3884845415505476,173.9222683233586,0.27589441295546563
17031843900,12.837167471362301,Above Average Walkable,0.26545655965435105,203.70102493871786,0.18004315251349048
17031980000,NA,No Data,NA,NA,NA
17031980100,NA,No Data,NA,NA,NA
